,MIR199A1_All_d3_c95_status
AACS,OPTIMAL
AADAT,OPTIMAL
AAMDC,OPTIMAL
AARS2,OPTIMAL
ABCA1,OPTIMAL
ABCA6,OPTIMAL
ABCC3,INFEASIBLE
ABCC5,OPTIMAL
ABCD1,INFEASIBLE
ABHD14B,OPTIMAL
ABHD17A,OPTIMAL
ABHD17C,INFEASIBLE
ABHD3,OPTIMAL
ABR,OPTIMAL
ABTB1,OPTIMAL
ACAA2,OPTIMAL
ACAD8,OPTIMAL
ACAD9,OPTIMAL
ACADS,INFEASIBLE
ACAP3,OPTIMAL
ACBD5,OPTIMAL
ACD,OPTIMAL
ACO2,OPTIMAL
ACOT1,OPTIMAL
ACTA2,OPTIMAL
ACVR1,OPTIMAL
ACVR1B,OPTIMAL
ACVRL1,OPTIMAL
ADAM17,OPTIMAL
ADAMTS12,OPTIMAL
ADARB1,OPTIMAL
ADCY7,OPTIMAL
ADCY9,OPTIMAL
ADGRA3,OPTIMAL
ADGRL2,OPTIMAL
ADGRL4,OPTIMAL
ADO,OPTIMAL
ADRA1B,OPTIMAL
ADRB2,OPTIMAL
AGAP1,OPTIMAL
AGAP3,OPTIMAL
AGFG2,OPTIMAL
AGO4,OPTIMAL
AGPAT1,OPTIMAL
AGPAT5,OPTIMAL
AGTRAP,OPTIMAL
AHI1,OPTIMAL
AKAP1,OPTIMAL
AKAP13,OPTIMAL
AKAP8,OPTIMAL
AKAP8L,INFEASIBLE
AKNA,OPTIMAL
AKR1C1,OPTIMAL
AKR1C2,OPTIMAL
AKR1E2,OPTIMAL
AKT1S1,OPTIMAL
AKT3,OPTIMAL
AKTIP,OPTIMAL
ALDH2,OPTIMAL
ALG1,OPTIMAL
ALG13,OPTIMAL
ALG2,OPTIMAL
ALG6,OPTIMAL
ALG9,INFEASIBLE
ALKBH1,OPTIMAL
ALKBH7,OPTIMAL
ALPK2,OPTIMAL
AMDHD2,OPTIMAL
AMMECR1,OPTIMAL
AMPD3,INFEASIBLE
ANGEL2,OPTIMAL
ANK2,OPTIMAL
ANKHD1,OPTIMAL
ANKRD1,OPTIMAL
ANKRD10,OPTIMAL
ANKRD16,OPTIMAL
ANKRD2,INFEASIBLE
ANKRD28,OPTIMAL
ANKRD9,OPTIMAL
ANKS1A,OPTIMAL
ANO3,OPTIMAL
ANTXR1,OPTIMAL
ANXA3,INFEASIBLE
AP1AR,OPTIMAL
AP3B1,OPTIMAL
AP3M2,OPTIMAL
AP3S2,OPTIMAL
AP4B1,OPTIMAL
AP4E1,OPTIMAL
AP5Z1,OPTIMAL
APBA1,OPTIMAL
APBA3,OPTIMAL
APBB1,OPTIMAL
APOBEC3B,OPTIMAL
APOBEC3D,OPTIMAL
APOBEC3G,OPTIMAL
APOL6,OPTIMAL
APOO,OPTIMAL
APOOL,OPTIMAL
ARAP3,OPTIMAL
ARFIP2,OPTIMAL
ARHGAP1,OPTIMAL
ARHGAP19,OPTIMAL
ARHGAP24,OPTIMAL
ARHGAP32,OPTIMAL
ARHGEF1,OPTIMAL
ARHGEF11,OPTIMAL
ARHGEF17,OPTIMAL
ARHGEF39,OPTIMAL
ARHGEF6,OPTIMAL
ARHGEF7,OPTIMAL
ARL10,OPTIMAL
ARL2,OPTIMAL
ARL4C,OPTIMAL
ARL4D,OPTIMAL
ARL8A,OPTIMAL
ARMC5,INFEASIBLE
ARMC9,OPTIMAL
ARMCX4,OPTIMAL
ARRB1,OPTIMAL
ARRDC1,OPTIMAL
ARSA,OPTIMAL
ASB13,OPTIMAL
ASB6,OPTIMAL
ASB7,OPTIMAL
ASL,OPTIMAL
ASMTL,OPTIMAL
ASS1,OPTIMAL
ASTE1,OPTIMAL
ATAD2B,OPTIMAL
ATAD3A,OPTIMAL
ATF2,OPTIMAL
ATF6B,OPTIMAL
ATF7,OPTIMAL
ATG10,OPTIMAL
ATG13,OPTIMAL
ATG4B,OPTIMAL
ATIC,OPTIMAL
ATP10A,OPTIMAL
ATP10D,OPTIMAL
ATP11A,OPTIMAL
ATP11C,OPTIMAL
ATP6AP1,OPTIMAL
ATP6AP2,OPTIMAL
ATP6V0E2,OPTIMAL
ATP8B2,OPTIMAL
ATP9B,OPTIMAL
ATRAID,OPTIMAL
ATXN2L,OPTIMAL
ATXN7L1,OPTIMAL
AUTS2,OPTIMAL
AVEN,OPTIMAL
AVPI1,OPTIMAL
AXIN2,OPTIMAL
B3GALNT2,OPTIMAL
B3GLCT,OPTIMAL
B4GAT1,OPTIMAL
BAHD1,OPTIMAL
BAK1,OPTIMAL
BANP,OPTIMAL
BARD1,OPTIMAL
BATF3,OPTIMAL
BAZ2B,OPTIMAL
BBS9,OPTIMAL
BCAR3,OPTIMAL
BCL2L2,OPTIMAL
BCL7C,OPTIMAL
BCL9,OPTIMAL
BDH2,INFEASIBLE
BEND6,OPTIMAL
BEX1,OPTIMAL
BGN,INFEASIBLE
BHMT2,OPTIMAL
BIN3,OPTIMAL
BLOC1S4,OPTIMAL
BLOC1S5,OPTIMAL
BMP1,OPTIMAL
BMPR1A,OPTIMAL
BOC,OPTIMAL
BOK,OPTIMAL
BORA,OPTIMAL
BRAF,OPTIMAL
BRD3,OPTIMAL
BRF1,OPTIMAL
BRI3BP,OPTIMAL
BRIP1,OPTIMAL
BTBD2,OPTIMAL
BTBD3,OPTIMAL
BTBD7,OPTIMAL
BTG3,OPTIMAL
BUD13,OPTIMAL
C11orf54,OPTIMAL
C16orf87,OPTIMAL
C17orf67,INFEASIBLE
C17orf75,OPTIMAL
C18orf21,OPTIMAL
C1orf159,OPTIMAL
C1orf216,OPTIMAL
C1orf53,OPTIMAL
C1S,INFEASIBLE
C21orf91,OPTIMAL
C2CD2L,OPTIMAL
C2orf74,INFEASIBLE
C3orf70,OPTIMAL
C4orf36,OPTIMAL
C4orf46,OPTIMAL
C5orf63,OPTIMAL
C6orf120,OPTIMAL
C6orf136,OPTIMAL
C8orf76,OPTIMAL
CA13,OPTIMAL
CAAP1,OPTIMAL
CAB39L,OPTIMAL
CABLES2,OPTIMAL
CABYR,OPTIMAL
CACFD1,INFEASIBLE
CACNA1C,OPTIMAL
CACTIN,OPTIMAL
CAP2,OPTIMAL
CAPN10,INFEASIBLE
CARD16,OPTIMAL
CARD9,OPTIMAL
CARS2,OPTIMAL
CASD1,OPTIMAL
CASP2,OPTIMAL
CASP9,OPTIMAL
CAT,OPTIMAL
CBFA2T2,OPTIMAL
CBY1,OPTIMAL
CC2D1A,OPTIMAL
CC2D2A,OPTIMAL
CCAR2,OPTIMAL
CCBE1,OPTIMAL
CCDC117,OPTIMAL
CCDC125,OPTIMAL
CCDC134,OPTIMAL
CCDC14,OPTIMAL
CCDC150,OPTIMAL
CCDC171,OPTIMAL
CCDC186,OPTIMAL
CCDC22,OPTIMAL
CCDC43,OPTIMAL
CCDC8,OPTIMAL
CCDC9,OPTIMAL
CCDC97,OPTIMAL
CCHCR1,OPTIMAL
CCM2,OPTIMAL
CCNE1,OPTIMAL
CCNL1,OPTIMAL
CCPG1,OPTIMAL
CCS,OPTIMAL
CD274,OPTIMAL
CD2AP,OPTIMAL
CD2BP2,OPTIMAL
CD320,OPTIMAL
CD58,OPTIMAL
CDADC1,OPTIMAL
CDC14B,OPTIMAL
CDC37,OPTIMAL
CDC37L1,OPTIMAL
CDC42SE2,OPTIMAL
CDC45,OPTIMAL
CDC7,OPTIMAL
CDCA3,OPTIMAL
CDCA4,OPTIMAL
CDCP1,OPTIMAL
CDHR3,OPTIMAL
CDIP1,INFEASIBLE
CDK1,OPTIMAL
CDK15,OPTIMAL
CDK17,OPTIMAL
CDK19,OPTIMAL
CDK5RAP1,OPTIMAL
CDK5RAP3,OPTIMAL
CDKN2B,OPTIMAL
CDKN2D,OPTIMAL
CDR2L,OPTIMAL
CDYL2,OPTIMAL
CEBPD,OPTIMAL
CELF1,OPTIMAL
CENPI,OPTIMAL
CENPM,OPTIMAL
CENPQ,OPTIMAL
CENPT,OPTIMAL
CENPV,OPTIMAL
CEP112,OPTIMAL
CEP120,OPTIMAL
CEP131,OPTIMAL
CEP164,OPTIMAL
CEP250,OPTIMAL
CEP295,OPTIMAL
CEP76,OPTIMAL
CEP83,OPTIMAL
CERS6,OPTIMAL
CFAP36,OPTIMAL
CFD,INFEASIBLE
CFH,OPTIMAL
CGRRF1,OPTIMAL
CHAC2,OPTIMAL
CHAF1A,OPTIMAL
CHCHD10,OPTIMAL
CHCHD6,OPTIMAL
CHD1L,OPTIMAL
CHERP,OPTIMAL
CHMP1B,OPTIMAL
CHPF,INFEASIBLE
CHST11,OPTIMAL
CHST2,OPTIMAL
CHST3,OPTIMAL
CIB1,OPTIMAL
CIC,OPTIMAL
CITED4,OPTIMAL
CLASP1,OPTIMAL
CLCC1,OPTIMAL
CLCF1,OPTIMAL
CLCN3,OPTIMAL
CLCN5,OPTIMAL
CLCN6,OPTIMAL
CLDN12,OPTIMAL
CLEC16A,OPTIMAL
CLINT1,OPTIMAL
CLN6,OPTIMAL
CLN8,OPTIMAL
CLU,OPTIMAL
CLUAP1,OPTIMAL
CMIP,OPTIMAL
CMTM3,OPTIMAL
CMTM6,OPTIMAL
CMTM7,OPTIMAL
CMTM8,OPTIMAL
CNNM4,OPTIMAL
CNPPD1,OPTIMAL
CNPY2,OPTIMAL
COA5,OPTIMAL
COG3,OPTIMAL
COG4,OPTIMAL
COG5,OPTIMAL
COG6,OPTIMAL
COG8,OPTIMAL
COL15A1,OPTIMAL
COL16A1,OPTIMAL
COL4A1,OPTIMAL
COL8A1,OPTIMAL
COMMD5,OPTIMAL
COMT,OPTIMAL
COMTD1,OPTIMAL
COPG2,OPTIMAL
COQ10A,OPTIMAL
COX10,OPTIMAL
COX15,OPTIMAL
COX18,OPTIMAL
CPNE8,OPTIMAL
CPSF4,OPTIMAL
CPT2,OPTIMAL
CRACR2A,OPTIMAL
CRCP,OPTIMAL
CREBL2,OPTIMAL
CRIP1,OPTIMAL
CRLF1,OPTIMAL
CRMP1,OPTIMAL
CRNKL1,OPTIMAL
CROT,OPTIMAL
CRTC1,OPTIMAL
CRYL1,OPTIMAL
CRYZ,OPTIMAL
CSAD,OPTIMAL
CSGALNACT2,OPTIMAL
CSNK2A3,OPTIMAL
CSNK2B,OPTIMAL
CSPP1,OPTIMAL
CSRNP1,OPTIMAL
CSRNP2,OPTIMAL
CSRP1,OPTIMAL
CSTF2,OPTIMAL
CTBS,OPTIMAL
CTU2,OPTIMAL
CUTC,OPTIMAL
CWF19L2,OPTIMAL
CXCL1,OPTIMAL
CXCL3,OPTIMAL
CYB561,OPTIMAL
CYBA,OPTIMAL
CYFIP2,OPTIMAL
CYP27A1,OPTIMAL
CYP2U1,OPTIMAL
CYP4V2,OPTIMAL
CYSTM1,OPTIMAL
CYTH2,OPTIMAL
D2HGDH,OPTIMAL
DAB2IP,OPTIMAL
DAGLB,OPTIMAL
DBF4B,INFEASIBLE
DBT,OPTIMAL
DCAF10,OPTIMAL
DCAKD,OPTIMAL
DCK,OPTIMAL
DCLRE1A,OPTIMAL
DDIT3,OPTIMAL
DDIT4,OPTIMAL
DDRGK1,OPTIMAL
DDX19B,OPTIMAL
DDX31,OPTIMAL
DDX39B,OPTIMAL
DDX54,OPTIMAL
DDX60L,OPTIMAL
DEDD2,OPTIMAL
DENND2A,INFEASIBLE
DENND4C,OPTIMAL
DENND5B,OPTIMAL
DENND6A,INFEASIBLE
DEPDC5,OPTIMAL
DET1,OPTIMAL
DGCR6L,OPTIMAL
DGKD,OPTIMAL
DGKE,OPTIMAL
DGKH,OPTIMAL
DGKQ,OPTIMAL
DHODH,OPTIMAL
DHRS1,OPTIMAL
DHRS7B,OPTIMAL
DHRSX,OPTIMAL
DHX16,OPTIMAL
DHX32,OPTIMAL
DIP2B,OPTIMAL
DIP2C,OPTIMAL
DIS3L2,OPTIMAL
DKK1,OPTIMAL
DLL3,INFEASIBLE
DMXL1,OPTIMAL
DNAAF2,OPTIMAL
DNAJA4,OPTIMAL
DNAJB12,OPTIMAL
DNAJB2,OPTIMAL
DNAJB4,OPTIMAL
DNAJB9,OPTIMAL
DNAJC1,OPTIMAL
DNAJC18,OPTIMAL
DNAJC24,OPTIMAL
DNAJC30,OPTIMAL
DNAJC4,INFEASIBLE
DNAJC6,OPTIMAL
DNALI1,OPTIMAL
DNASE2,OPTIMAL
DNM1,OPTIMAL
DNM2,OPTIMAL
DNTTIP1,OPTIMAL
DOCK11,OPTIMAL
DOCK4,OPTIMAL
DOCK6,OPTIMAL
DOK4,OPTIMAL
DPAGT1,OPTIMAL
DPF3,OPTIMAL
DPH1,OPTIMAL
DPY19L3,OPTIMAL
DPYD,OPTIMAL
DPYSL4,OPTIMAL
DR1,OPTIMAL
DRAM2,OPTIMAL
DSN1,OPTIMAL
DTD2,OPTIMAL
DTX2,OPTIMAL
DTX3,INFEASIBLE
DUSP18,OPTIMAL
DUSP4,OPTIMAL
DVL2,OPTIMAL
DVL3,OPTIMAL
DXO,OPTIMAL
DYM,OPTIMAL
DYNC2LI1,OPTIMAL
DYRK3,OPTIMAL
E2F1,OPTIMAL
E2F2,OPTIMAL
E2F6,OPTIMAL
E2F8,OPTIMAL
E4F1,OPTIMAL
ECHDC2,INFEASIBLE
ECHDC3,OPTIMAL
ECM1,OPTIMAL
EDA2R,OPTIMAL
EED,OPTIMAL
EEFSEC,OPTIMAL
EFCAB11,OPTIMAL
EFCAB2,OPTIMAL
EFNB1,OPTIMAL
EFS,OPTIMAL
EHBP1L1,OPTIMAL
EHD1,OPTIMAL
EHHADH,OPTIMAL
EIF1AD,OPTIMAL
EIF2B2,OPTIMAL
EIF4A1,OPTIMAL
ELL2,OPTIMAL
ELMOD3,OPTIMAL
EMC2,OPTIMAL
EME1,OPTIMAL
EMILIN1,OPTIMAL
EML1,OPTIMAL
EML6,OPTIMAL
EMX2,OPTIMAL
EN1,OPTIMAL
ENDOD1,OPTIMAL
ENDOV,OPTIMAL
ENGASE,OPTIMAL
ENKD1,OPTIMAL
ENO2,OPTIMAL
ENOPH1,OPTIMAL
ENOX2,OPTIMAL
ENPP4,OPTIMAL
ENTPD7,INFEASIBLE
EPB41L2,OPTIMAL
EPC1,OPTIMAL
EPHB2,OPTIMAL
EPHB4,OPTIMAL
EPHB6,INFEASIBLE
EPM2AIP1,OPTIMAL
EPN1,OPTIMAL
EPOR,OPTIMAL
EPS8L1,OPTIMAL
ERAP2,OPTIMAL
ERBB2,OPTIMAL
ERCC4,OPTIMAL
ERCC6L,OPTIMAL
ERCC8,OPTIMAL
ERGIC2,OPTIMAL
ERN1,OPTIMAL
ESCO2,OPTIMAL
ESPL1,OPTIMAL
ETFDH,OPTIMAL
ETHE1,OPTIMAL
ETS2,OPTIMAL
ETV2,INFEASIBLE
ETV6,OPTIMAL
EVA1C,OPTIMAL
EVC2,OPTIMAL
EVI5,OPTIMAL
EXO1,OPTIMAL
EXO5,OPTIMAL
EXOC7,OPTIMAL
EXOSC2,OPTIMAL
EXOSC5,OPTIMAL
FAAP100,OPTIMAL
FAAP24,OPTIMAL
FADD,OPTIMAL
FAM111B,OPTIMAL
FAM118A,OPTIMAL
FAM118B,OPTIMAL
FAM120C,OPTIMAL
FAM131A,OPTIMAL
FAM13A,OPTIMAL
FAM162A,OPTIMAL
FAM171B,OPTIMAL
FAM174A,OPTIMAL
FAM184A,INFEASIBLE
FAM200A,OPTIMAL
FAM216A,OPTIMAL
FAM217B,OPTIMAL
FAM219A,OPTIMAL
FAM219B,OPTIMAL
FAM220A,INFEASIBLE
FAM3A,OPTIMAL
FAM98C,OPTIMAL
FANCI,OPTIMAL
FANCL,OPTIMAL
FAS,OPTIMAL
FBF1,OPTIMAL
FBLIM1,OPTIMAL
FBRS,OPTIMAL
FBXL12,OPTIMAL
FBXL15,OPTIMAL
FBXL4,OPTIMAL
FBXL6,OPTIMAL
FBXO10,OPTIMAL
FBXO3,OPTIMAL
FBXO31,OPTIMAL
FBXO32,OPTIMAL
FBXO33,OPTIMAL
FBXO34,OPTIMAL
FBXO36,OPTIMAL
FBXO4,OPTIMAL
FBXO42,OPTIMAL
FBXO43,OPTIMAL
FBXO46,OPTIMAL
FBXO48,OPTIMAL
FBXO5,OPTIMAL
FCHSD2,OPTIMAL
FEM1A,OPTIMAL
FER,OPTIMAL
FERMT1,OPTIMAL
FERMT2,OPTIMAL
FES,OPTIMAL
FGF1,OPTIMAL
FKBP15,OPTIMAL
FKBP8,OPTIMAL
FKTN,OPTIMAL
FLCN,OPTIMAL
FLOT2,OPTIMAL
FLT1,OPTIMAL
FLYWCH1,OPTIMAL
FNBP4,OPTIMAL
FNDC3A,OPTIMAL
FNDC4,OPTIMAL
FNIP1,OPTIMAL
FNIP2,OPTIMAL
FNTB,OPTIMAL
FOCAD,OPTIMAL
FOSL2,OPTIMAL
FOXC2,OPTIMAL
FOXD1,OPTIMAL
FOXF2,OPTIMAL
FOXJ3,OPTIMAL
FOXL1,OPTIMAL
FOXP4,OPTIMAL
FOXRED2,OPTIMAL
FPGT,OPTIMAL
FRAT2,INFEASIBLE
FRMD3,OPTIMAL
FRMD4B,OPTIMAL
FSD1,OPTIMAL
FST,OPTIMAL
FUBP3,OPTIMAL
FUOM,OPTIMAL
FUT10,OPTIMAL
FUT8,OPTIMAL
FXR2,OPTIMAL
FZD2,OPTIMAL
FZD8,OPTIMAL
G0S2,OPTIMAL
G6PC3,OPTIMAL
GAA,OPTIMAL
GABBR1,OPTIMAL
GAK,OPTIMAL
GALK1,OPTIMAL
GALM,OPTIMAL
GALNT14,INFEASIBLE
GAN,OPTIMAL
GAS2L1,OPTIMAL
GBA2,TIME_LIMIT
GBF1,OPTIMAL
GBP1,OPTIMAL
GBP3,OPTIMAL
GCDH,OPTIMAL
GDNF,OPTIMAL
GFER,OPTIMAL
GFOD2,OPTIMAL
GGACT,INFEASIBLE
GGH,OPTIMAL
GGPS1,OPTIMAL
GHDC,OPTIMAL
GHR,OPTIMAL
GIN1,OPTIMAL
GK,OPTIMAL
GLIPR2,OPTIMAL
GLIS2,OPTIMAL
GLMN,OPTIMAL
GLRB,OPTIMAL
GLT8D2,OPTIMAL
GLUD2,OPTIMAL
GMDS,INFEASIBLE
GMEB1,OPTIMAL
GMEB2,OPTIMAL
GMIP,OPTIMAL
GMPPB,OPTIMAL
GNAQ,OPTIMAL
GNG10,OPTIMAL
GNL1,OPTIMAL
GNPDA2,OPTIMAL
GNPTAB,OPTIMAL
GOLGA1,OPTIMAL
GOLGA5,OPTIMAL
GOLGA8A,OPTIMAL
GOLGA8B,OPTIMAL
GON4L,OPTIMAL
GORAB,OPTIMAL
GOSR2,OPTIMAL
GPAM,OPTIMAL
GPATCH3,OPTIMAL
GPC1,OPTIMAL
GPC6,OPTIMAL
GPCPD1,OPTIMAL
GPD2,OPTIMAL
GPHN,OPTIMAL
GPN2,OPTIMAL
GPR107,OPTIMAL
GPR137,INFEASIBLE
GPR4,OPTIMAL
GPR89A,OPTIMAL
GPRASP2,OPTIMAL
GPRC5A,OPTIMAL
GPSM2,OPTIMAL
GPSM3,OPTIMAL
GPT2,OPTIMAL
GRAMD1C,OPTIMAL
GREB1L,OPTIMAL
GREM2,OPTIMAL
GRIPAP1,OPTIMAL
GRK6,OPTIMAL
GSE1,OPTIMAL
GSK3A,OPTIMAL
GSN,OPTIMAL
GSPT2,OPTIMAL
GSTA4,OPTIMAL
GSTCD,OPTIMAL
GSTM1,OPTIMAL
GSTM4,OPTIMAL
GSTM5,OPTIMAL
GSTO2,OPTIMAL
GTDC1,OPTIMAL
GTF2E1,INFEASIBLE
GTF2H2,OPTIMAL
GTF2IRD1,OPTIMAL
GTF2IRD2,OPTIMAL
GTPBP10,OPTIMAL
GULP1,OPTIMAL
GZF1,OPTIMAL
H6PD,OPTIMAL
HACD1,OPTIMAL
HAGHL,OPTIMAL
HAUS5,OPTIMAL
HAUS8,OPTIMAL
HCFC1R1,OPTIMAL
HDAC11,INFEASIBLE
HDAC5,OPTIMAL
HDAC6,OPTIMAL
HDAC8,TIME_LIMIT
HDDC3,OPTIMAL
HEATR3,OPTIMAL
HEATR5B,OPTIMAL
HEBP1,OPTIMAL
HECW1,INFEASIBLE
HELZ2,OPTIMAL
HERC3,OPTIMAL
HES6,OPTIMAL
HEXIM1,OPTIMAL
HGS,OPTIMAL
HIBCH,OPTIMAL
HIC1,OPTIMAL
HIF3A,OPTIMAL
HIGD2A,OPTIMAL
HILPDA,OPTIMAL
HINFP,OPTIMAL
HIP1R,OPTIMAL
HIVEP2,OPTIMAL
HLA-DPB1,OPTIMAL
HLCS,OPTIMAL
HLX,OPTIMAL
HMBOX1,OPTIMAL
HMBS,OPTIMAL
HMCES,OPTIMAL
HMGCL,OPTIMAL
HMGN3,OPTIMAL
HMGN4,OPTIMAL
HMGN5,OPTIMAL
HMOX1,OPTIMAL
HNRNPH2,OPTIMAL
HOMER3,OPTIMAL
HOMEZ,OPTIMAL
HOXB4,OPTIMAL
HOXC6,OPTIMAL
HOXD8,OPTIMAL
HRCT1,OPTIMAL
HS2ST1,OPTIMAL
HS3ST2,OPTIMAL
HS3ST3B1,OPTIMAL
HSBP1L1,OPTIMAL
HSCB,OPTIMAL
HSD17B7,OPTIMAL
HSD17B8,OPTIMAL
HSPA12A,OPTIMAL
HSPA4L,OPTIMAL
HSPBP1,OPTIMAL
HTATIP2,OPTIMAL
HTRA2,OPTIMAL
HTRA3,OPTIMAL
HUS1,OPTIMAL
IBA57,OPTIMAL
IDH2,OPTIMAL
IDH3A,OPTIMAL
IDNK,OPTIMAL
IDS,OPTIMAL
IER3IP1,OPTIMAL
IFFO2,OPTIMAL
IFI27L1,OPTIMAL
IFRD1,OPTIMAL
IFT172,OPTIMAL
IFT27,OPTIMAL
IFT52,OPTIMAL
IFT80,OPTIMAL
IGBP1,OPTIMAL
IGF1R,OPTIMAL
IGF2BP3,OPTIMAL
IGFBP2,OPTIMAL
IGFBP3,OPTIMAL
IGHMBP2,OPTIMAL
IKZF4,OPTIMAL
IL11RA,OPTIMAL
IL13RA2,OPTIMAL
IL15RA,OPTIMAL
IL17RC,OPTIMAL
IL20RB,INFEASIBLE
IL6R,OPTIMAL
INA,OPTIMAL
ING1,OPTIMAL
ING5,OPTIMAL
INO80E,OPTIMAL
INPP4A,OPTIMAL
INPP5A,OPTIMAL
INPP5B,OPTIMAL
INPP5F,OPTIMAL
INSC,OPTIMAL
INTS3,OPTIMAL
INTS4,OPTIMAL
INTU,OPTIMAL
IP6K2,OPTIMAL
IPMK,OPTIMAL
IPO11,OPTIMAL
IPPK,INFEASIBLE
IQCE,OPTIMAL
IQCJ-SCHIP1,OPTIMAL
IQSEC2,OPTIMAL
IRF1,OPTIMAL
IRF2,OPTIMAL
IRX3,OPTIMAL
IRX5,OPTIMAL
ISCA1,OPTIMAL
ISLR,OPTIMAL
ITCH,OPTIMAL
ITGA3,OPTIMAL
ITGA6,OPTIMAL
ITPK1,OPTIMAL
ITPKB,OPTIMAL
ITPRIPL1,INFEASIBLE
JAZF1,OPTIMAL
JMY,OPTIMAL
KANK1,OPTIMAL
KANSL1L,OPTIMAL
KAT5,OPTIMAL
KATNA1,OPTIMAL
KATNAL2,OPTIMAL
KATNB1,OPTIMAL
KAZN,OPTIMAL
KBTBD2,OPTIMAL
KBTBD3,OPTIMAL
KBTBD6,OPTIMAL
KCNG1,OPTIMAL
KCNH4,OPTIMAL
KCNIP3,OPTIMAL
KCNJ15,OPTIMAL
KCTD1,OPTIMAL
KCTD15,OPTIMAL
KCTD17,OPTIMAL
KDM1B,OPTIMAL
KDM3A,OPTIMAL
KDM4A,OPTIMAL
KDM4C,OPTIMAL
KDM5B,OPTIMAL
KHDC1,OPTIMAL
KHDRBS3,OPTIMAL
KHNYN,OPTIMAL
KIAA0930,OPTIMAL
KIAA1328,OPTIMAL
KIAA1549,OPTIMAL
KIAA1586,OPTIMAL
KIAA1671,OPTIMAL
KIF13B,OPTIMAL
KIF21A,OPTIMAL
KIF24,OPTIMAL
KIF7,OPTIMAL
KLF16,OPTIMAL
KLF7,OPTIMAL
KLHDC3,OPTIMAL
KLHDC4,OPTIMAL
KLHL12,OPTIMAL
KLHL18,OPTIMAL
KLHL2,OPTIMAL
KLHL5,OPTIMAL
KPTN,OPTIMAL
KRAS,OPTIMAL
KRBOX1,OPTIMAL
KRBOX4,OPTIMAL
KRCC1,OPTIMAL
KRI1,OPTIMAL
KRT7,OPTIMAL
KRTAP2-3,OPTIMAL
L3MBTL2,OPTIMAL
L3MBTL3,INFEASIBLE
LACC1,OPTIMAL
LACTB,OPTIMAL
LACTB2,OPTIMAL
LAMA4,OPTIMAL
LAMC1,OPTIMAL
LATS1,OPTIMAL
LCMT1,OPTIMAL
LCOR,OPTIMAL
LCORL,OPTIMAL
LDB1,INFEASIBLE
LDLRAD3,OPTIMAL
LDOC1,OPTIMAL
LEMD3,OPTIMAL
LEPROTL1,OPTIMAL
LGALS8,OPTIMAL
LHFPL2,OPTIMAL
LHPP,OPTIMAL
LIG3,OPTIMAL
LIG4,OPTIMAL
LIMS1,OPTIMAL
LIN52,OPTIMAL
LIN54,OPTIMAL
LIN7A,OPTIMAL
LIN9,OPTIMAL
LITAF,OPTIMAL
LMBR1,OPTIMAL
LMCD1,INFEASIBLE
LMTK2,OPTIMAL
LOXL1,OPTIMAL
LOXL4,OPTIMAL
LPCAT2,OPTIMAL
LPCAT4,OPTIMAL
LPGAT1,OPTIMAL
LRCH1,OPTIMAL
LRCH2,INFEASIBLE
LRIG1,OPTIMAL
LRP4,OPTIMAL
LRP6,OPTIMAL
LRRC14,OPTIMAL
LRRC20,INFEASIBLE
LRRC28,OPTIMAL
LRRC37B,OPTIMAL
LRRC49,OPTIMAL
LRRC8B,OPTIMAL
LRRC8D,OPTIMAL
LRRCC1,OPTIMAL
LRRK2,OPTIMAL
LSM11,OPTIMAL
LSM12,OPTIMAL
LTBP3,OPTIMAL
LY96,OPTIMAL
LYL1,INFEASIBLE
LYSMD2,OPTIMAL
LYSMD4,OPTIMAL
MAD1L1,OPTIMAL
MAF1,OPTIMAL
MAFK,OPTIMAL
MAGED4,OPTIMAL
MAGED4B,OPTIMAL
MAGOH,OPTIMAL
MALT1,OPTIMAL
MAML2,OPTIMAL
MAMSTR,OPTIMAL
MAN2A2,OPTIMAL
MAP1S,OPTIMAL
MAP2K4,OPTIMAL
MAP2K7,OPTIMAL
MAP3K1,OPTIMAL
MAP3K3,OPTIMAL
MAP3K6,OPTIMAL
MAP3K7CL,OPTIMAL
MAP6D1,INFEASIBLE
MAP7D2,OPTIMAL
MAPK13,OPTIMAL
MAPK7,OPTIMAL
MARK1,OPTIMAL
MARS2,OPTIMAL
MAST4,OPTIMAL
MBD3,OPTIMAL
MBD5,OPTIMAL
MBD6,OPTIMAL
MBIP,OPTIMAL
MBNL2,OPTIMAL
MBP,OPTIMAL
MBTD1,OPTIMAL
MCAT,OPTIMAL
MCCC1,OPTIMAL
MCCC2,OPTIMAL
MCEE,OPTIMAL
MCM10,OPTIMAL
MCM3AP,OPTIMAL
MCM4,OPTIMAL
MDM1,OPTIMAL
ME1,OPTIMAL
ME2,OPTIMAL
MECR,OPTIMAL
MED10,OPTIMAL
MED18,OPTIMAL
MED20,OPTIMAL
MED22,OPTIMAL
MED25,OPTIMAL
MED27,OPTIMAL
MED4,OPTIMAL
MEF2C,OPTIMAL
MEF2D,OPTIMAL
MEGF8,OPTIMAL
METAP1D,OPTIMAL
METRN,OPTIMAL
METTL1,OPTIMAL
METTL13,OPTIMAL
METTL16,OPTIMAL
METTL17,OPTIMAL
METTL4,OPTIMAL
METTL6,OPTIMAL
MEX3C,OPTIMAL
MFF,OPTIMAL
MFGE8,OPTIMAL
MFSD1,OPTIMAL
MFSD11,OPTIMAL
MFSD5,OPTIMAL
MFSD8,OPTIMAL
MFSD9,INFEASIBLE
MGMT,OPTIMAL
MICAL3,OPTIMAL
MICB,OPTIMAL
MIIP,OPTIMAL
MINK1,OPTIMAL
MINPP1,OPTIMAL
MIPEP,OPTIMAL
MKRN1,OPTIMAL
MKS1,OPTIMAL
MLF1,OPTIMAL
MLH3,OPTIMAL
MLLT11,OPTIMAL
MMAA,OPTIMAL
MMACHC,OPTIMAL
MMP1,OPTIMAL
MMP16,OPTIMAL
MMP19,OPTIMAL
MMP2,OPTIMAL
MOAP1,OPTIMAL
MOB2,OPTIMAL
MOCOS,OPTIMAL
MOCS3,OPTIMAL
MORC2,OPTIMAL
MORN4,OPTIMAL
MOSPD2,OPTIMAL
MOV10,OPTIMAL
MPDU1,OPTIMAL
MPHOSPH6,OPTIMAL
MPI,OPTIMAL
MPP1,OPTIMAL
MPP4,OPTIMAL
MPST,OPTIMAL
MR1,OPTIMAL
MRAS,OPTIMAL
MRGPRF,OPTIMAL
MROH1,OPTIMAL
MRPL12,OPTIMAL
MRPL2,OPTIMAL
MRPL30,OPTIMAL
MRPL4,OPTIMAL
MRPL40,OPTIMAL
MRPL47,OPTIMAL
MRPL54,OPTIMAL
MRPS18A,OPTIMAL
MRPS35,OPTIMAL
MRS2,OPTIMAL
MSANTD2,OPTIMAL
MSANTD4,OPTIMAL
MSC,INFEASIBLE
MSI2,OPTIMAL
MSL2,OPTIMAL
MSRA,OPTIMAL
MT1X,OPTIMAL
MTA1,OPTIMAL
MTA3,OPTIMAL
MTERF4,OPTIMAL
MTFMT,OPTIMAL
MTFR1,OPTIMAL
MTFR2,OPTIMAL
MTHFD1,OPTIMAL
MTHFD2,OPTIMAL
MTHFR,OPTIMAL
MTM1,OPTIMAL
MTMR1,OPTIMAL
MTMR6,OPTIMAL
MTMR9,OPTIMAL
MTO1,OPTIMAL
MTPAP,OPTIMAL
MTSS1,INFEASIBLE
MTUS1,OPTIMAL
MTX2,OPTIMAL
MYBBP1A,OPTIMAL
MYEOV,OPTIMAL
MYL9,OPTIMAL
MYLIP,OPTIMAL
MYLK2,OPTIMAL
MYO1D,OPTIMAL
N4BP2,OPTIMAL
NAA16,OPTIMAL
NAAA,OPTIMAL
NAB1,OPTIMAL
NACC2,OPTIMAL
NAE1,OPTIMAL
NAIF1,OPTIMAL
NAIP,OPTIMAL
NANP,OPTIMAL
NAPA,OPTIMAL
NAPRT,OPTIMAL
NARF,OPTIMAL
NARS2,OPTIMAL
NAT14,OPTIMAL
NBEAL1,OPTIMAL
NBPF11,OPTIMAL
NBPF12,OPTIMAL
NBPF20,OPTIMAL
NBPF9,OPTIMAL
NCALD,OPTIMAL
NCAM1,OPTIMAL
NCAPH,OPTIMAL
NCAPH2,OPTIMAL
NCDN,OPTIMAL
NCK1,OPTIMAL
NCKIPSD,OPTIMAL
NCOA5,OPTIMAL
NDE1,OPTIMAL
NDN,OPTIMAL
NDOR1,OPTIMAL
NDP,OPTIMAL
NDUFAF5,OPTIMAL
NDUFB5,OPTIMAL
NEDD4,OPTIMAL
NEFL,OPTIMAL
NEIL3,OPTIMAL
NEK4,OPTIMAL
NENF,OPTIMAL
NETO2,OPTIMAL
NEU3,OPTIMAL
NFAT5,OPTIMAL
NFATC1,OPTIMAL
NFIB,OPTIMAL
NFKB2,OPTIMAL
NFKBIE,OPTIMAL
NFKBIL1,OPTIMAL
NFU1,OPTIMAL
NFX1,OPTIMAL
NFYA,OPTIMAL
NHSL1,OPTIMAL
NHSL2,OPTIMAL
NICN1,OPTIMAL
NID2,INFEASIBLE
NINJ1,OPTIMAL
NIPSNAP1,OPTIMAL
NKAP,OPTIMAL
NKRF,OPTIMAL
NLGN2,OPTIMAL
NLRC5,OPTIMAL
NLRP1,OPTIMAL
NMI,OPTIMAL
NMRAL1,OPTIMAL
NOCT,OPTIMAL
NOL6,OPTIMAL
NOTCH1,OPTIMAL
NPEPL1,OPTIMAL
NPHP1,OPTIMAL
NPHP3,OPTIMAL
NPHP4,INFEASIBLE
NPIPA7,OPTIMAL
NPIPA8,OPTIMAL
NPLOC4,OPTIMAL
NPM3,OPTIMAL
NPRL3,OPTIMAL
NR1D2,OPTIMAL
NR1H3,OPTIMAL
NR2C1,OPTIMAL
NRBP2,OPTIMAL
NREP,OPTIMAL
NRG1,OPTIMAL
NRM,OPTIMAL
NRN1,OPTIMAL
NRSN2,OPTIMAL
NSFL1C,OPTIMAL
NSUN2,OPTIMAL
NSUN4,OPTIMAL
NTHL1,OPTIMAL
NTNG1,OPTIMAL
NUAK1,OPTIMAL
NUCB1,OPTIMAL
NUDT10,OPTIMAL
NUDT16L1,OPTIMAL
NUDT8,OPTIMAL
NUMBL,OPTIMAL
NXN,OPTIMAL
NXT1,OPTIMAL
NXT2,OPTIMAL
OCEL1,OPTIMAL
OCRL,OPTIMAL
OGG1,OPTIMAL
OLFM1,OPTIMAL
OPA1,OPTIMAL
ORC1,OPTIMAL
ORMDL1,OPTIMAL
ORMDL3,OPTIMAL
OS9,OPTIMAL
OSBPL2,OPTIMAL
OSBPL3,OPTIMAL
OSBPL5,OPTIMAL
OSCP1,OPTIMAL
OSGEP,OPTIMAL
OSGEPL1,OPTIMAL
OSGIN1,OPTIMAL
OTUD3,OPTIMAL
P2RX4,OPTIMAL
P3H3,OPTIMAL
PACS2,OPTIMAL
PAMR1,OPTIMAL
PAN2,OPTIMAL
PAQR4,INFEASIBLE
PARD3,OPTIMAL
PARP10,OPTIMAL
PARP12,OPTIMAL
PARP14,OPTIMAL
PARP6,OPTIMAL
PASK,OPTIMAL
PATZ1,OPTIMAL
PAWR,OPTIMAL
PAX3,OPTIMAL
PAXIP1,OPTIMAL
PBX3,OPTIMAL
PC,OPTIMAL
PCBD2,OPTIMAL
PCCA,INFEASIBLE
PCDH18,OPTIMAL
PCDH9,OPTIMAL
PCDHGB5,INFEASIBLE
PCED1A,OPTIMAL
PCGF1,OPTIMAL
PCGF6,OPTIMAL
PCIF1,OPTIMAL
PCMTD1,OPTIMAL
PCMTD2,OPTIMAL
PCTP,OPTIMAL
PCYOX1,OPTIMAL
PCYT2,OPTIMAL
PDCD10,OPTIMAL
PDCD1LG2,OPTIMAL
PDCD2L,OPTIMAL
PDE12,OPTIMAL
PDE7B,OPTIMAL
PDE8A,OPTIMAL
PDF,OPTIMAL
PDHB,OPTIMAL
PDK1,OPTIMAL
PDK3,OPTIMAL
PDPK1,OPTIMAL
PEAR1,OPTIMAL
PECR,OPTIMAL
PELO,OPTIMAL
PENK,OPTIMAL
PEPD,OPTIMAL
PER3,INFEASIBLE
PET117,OPTIMAL
PEX10,OPTIMAL
PEX11B,OPTIMAL
PEX14,OPTIMAL
PEX16,OPTIMAL
PEX2,OPTIMAL
PEX5,OPTIMAL
PEX7,OPTIMAL
PFDN6,OPTIMAL
PFKFB4,OPTIMAL
PGA3,OPTIMAL
PGAP2,OPTIMAL
PGPEP1,OPTIMAL
PGRMC1,OPTIMAL
PGS1,OPTIMAL
PHACTR1,OPTIMAL
PHACTR4,OPTIMAL
PHC1,OPTIMAL
PHF1,OPTIMAL
PHF13,OPTIMAL
PHF2,OPTIMAL
PHF21A,OPTIMAL
PHF8,OPTIMAL
PHKA1,OPTIMAL
PHLDA3,OPTIMAL
PHYHD1,OPTIMAL
PI4KB,OPTIMAL
PIAS3,OPTIMAL
PIAS4,OPTIMAL
PICALM,OPTIMAL
PID1,OPTIMAL
PIDD1,INFEASIBLE
PIEZO1,OPTIMAL
PIF1,OPTIMAL
PIGQ,OPTIMAL
PIGT,OPTIMAL
PIH1D1,OPTIMAL
PIK3CD,OPTIMAL
PIK3R4,OPTIMAL
PIM1,OPTIMAL
PIP5K1C,OPTIMAL
PISD,OPTIMAL
PITPNM1,OPTIMAL
PITPNM2,OPTIMAL
PITX2,OPTIMAL
PKD2,OPTIMAL
PKMYT1,OPTIMAL
PKN1,OPTIMAL
PLA2R1,OPTIMAL
PLAG1,OPTIMAL
PLCD1,OPTIMAL
PLCG1,OPTIMAL
PLCL2,OPTIMAL
PLEK2,OPTIMAL
PLEKHA1,OPTIMAL
PLEKHA5,OPTIMAL
PLEKHG2,OPTIMAL
PLEKHG3,OPTIMAL
PLEKHG4,OPTIMAL
PLEKHH2,OPTIMAL
PLEKHM1,OPTIMAL
PLEKHM2,OPTIMAL
PLK2,OPTIMAL
PLK4,OPTIMAL
PLXNC1,OPTIMAL
PMS2,OPTIMAL
PNKP,OPTIMAL
PNPLA4,OPTIMAL
PNPLA8,OPTIMAL
PNRC1,OPTIMAL
POC1A,OPTIMAL
POLD1,OPTIMAL
POLG2,OPTIMAL
POLR3C,OPTIMAL
POLR3F,OPTIMAL
POLR3K,OPTIMAL
POMT2,OPTIMAL
PORCN,OPTIMAL
PPAN,OPTIMAL
PPCDC,OPTIMAL
PPFIA1,OPTIMAL
PPFIBP2,OPTIMAL
PPID,OPTIMAL
PPIL2,OPTIMAL
PPIL3,OPTIMAL
PPM1K,OPTIMAL
PPP1R11,OPTIMAL
PPP1R13B,OPTIMAL
PPP1R15A,OPTIMAL
PPP1R2,OPTIMAL
PPP1R35,OPTIMAL
PPP1R3B,OPTIMAL
PPP1R3D,OPTIMAL
PPP1R3E,INFEASIBLE
PPP2R3B,OPTIMAL
PPP4R2,OPTIMAL
PPRC1,OPTIMAL
PRADC1,OPTIMAL
PRCC,OPTIMAL
PRDM1,OPTIMAL
PRDM15,OPTIMAL
PRDM5,OPTIMAL
PRIM1,OPTIMAL
PRIMPOL,OPTIMAL
PRKAR1B,INFEASIBLE
PRKAR2B,OPTIMAL
PRKCD,OPTIMAL
PRKD1,OPTIMAL
PRMT9,OPTIMAL
PROCR,OPTIMAL
PROS1,OPTIMAL
PROSER1,OPTIMAL
PRPF18,OPTIMAL
PRPF39,OPTIMAL
PRR16,OPTIMAL
PRRT3,OPTIMAL
PRSS3,OPTIMAL
PRUNE2,OPTIMAL
PSEN1,OPTIMAL
PSEN2,OPTIMAL
PSG5,INFEASIBLE
PSMB10,OPTIMAL
PSMD9,OPTIMAL
PSMG2,OPTIMAL
PSTK,OPTIMAL
PTBP2,OPTIMAL
PTDSS2,OPTIMAL
PTER,OPTIMAL
PTGER2,OPTIMAL
PTH1R,INFEASIBLE
PTPDC1,OPTIMAL
PTPN18,OPTIMAL
PTPN3,OPTIMAL
PTPN4,OPTIMAL
PXDN,OPTIMAL
PYCARD,OPTIMAL
PYCR1,INFEASIBLE
PYCR2,OPTIMAL
PYGO2,OPTIMAL
PYROXD2,OPTIMAL
QPRT,OPTIMAL
R3HCC1L,OPTIMAL
R3HDM4,OPTIMAL
RAB23,OPTIMAL
RAB33B,OPTIMAL
RAB3D,INFEASIBLE
RAB40B,OPTIMAL
RAB5B,OPTIMAL
RABEP2,OPTIMAL
RABIF,OPTIMAL
RABL2B,OPTIMAL
RAD1,OPTIMAL
RAD17,OPTIMAL
RAD51AP1,OPTIMAL
RAD51D,OPTIMAL
RAD52,OPTIMAL
RAD54L,OPTIMAL
RALA,OPTIMAL
RALGAPA1,OPTIMAL
RALGAPA2,OPTIMAL
RALGDS,OPTIMAL
RANBP10,OPTIMAL
RANBP17,OPTIMAL
RAP2A,OPTIMAL
RAP2C,OPTIMAL
RAPGEF1,OPTIMAL
RAPGEF3,OPTIMAL
RASA1,OPTIMAL
RASA3,OPTIMAL
RASGRP3,OPTIMAL
RASSF4,OPTIMAL
RAVER2,OPTIMAL
RBFA,OPTIMAL
RBM12B,OPTIMAL
RBM14,OPTIMAL
RBM17,OPTIMAL
RBM19,OPTIMAL
RBM27,OPTIMAL
RBM4,OPTIMAL
RBM41,OPTIMAL
RCCD1,OPTIMAL
RCOR3,OPTIMAL
RECK,OPTIMAL
RECQL5,OPTIMAL
REEP4,OPTIMAL
REL,OPTIMAL
RELL1,OPTIMAL
RETSAT,OPTIMAL
REXO1,OPTIMAL
RFFL,OPTIMAL
RFX1,OPTIMAL
RFX2,OPTIMAL
RFX5,OPTIMAL
RFX7,OPTIMAL
RFXANK,OPTIMAL
RGP1,OPTIMAL
RGPD1,OPTIMAL
RGPD2,OPTIMAL
RGPD3,OPTIMAL
RGPD4,OPTIMAL
RGPD6,OPTIMAL
RGPD8,OPTIMAL
RGS2,OPTIMAL
RGS20,OPTIMAL
RHBDD3,INFEASIBLE
RHNO1,OPTIMAL
RHOQ,OPTIMAL
RHOT2,OPTIMAL
RIC1,OPTIMAL
RIC8B,OPTIMAL
RIMKLB,OPTIMAL
RING1,OPTIMAL
RINT1,OPTIMAL
RMDN3,OPTIMAL
RMI1,OPTIMAL
RMND1,OPTIMAL
RMND5A,OPTIMAL
RNF11,OPTIMAL
RNF113A,OPTIMAL
RNF115,OPTIMAL
RNF121,OPTIMAL
RNF123,OPTIMAL
RNF135,OPTIMAL
RNF157,OPTIMAL
RNF166,OPTIMAL
RNF169,OPTIMAL
RNF170,OPTIMAL
RNF175,INFEASIBLE
RNF185,OPTIMAL
RNF19A,OPTIMAL
RNF20,OPTIMAL
RNF214,OPTIMAL
RNF217,OPTIMAL
RNF40,OPTIMAL
RNLS,OPTIMAL
RNPC3,OPTIMAL
ROGDI,OPTIMAL
RPAIN,OPTIMAL
RPAP1,OPTIMAL
RPE65,OPTIMAL
RPIA,OPTIMAL
RPL17,OPTIMAL
RPL36A,OPTIMAL
RPP25L,OPTIMAL
RPP38,OPTIMAL
RPP40,OPTIMAL
RPRD1B,OPTIMAL
RPS19BP1,OPTIMAL
RPS6KC1,OPTIMAL
RPUSD1,OPTIMAL
RPUSD2,OPTIMAL
RPUSD3,OPTIMAL
RRAGB,OPTIMAL
RRAS,OPTIMAL
RREB1,OPTIMAL
RRM2B,OPTIMAL
RSBN1L,OPTIMAL
RSPH3,OPTIMAL
RSRC2,TIME_LIMIT
RTCA,OPTIMAL
RTEL1,OPTIMAL
RTL1,INFEASIBLE
RUNX2,OPTIMAL
RUSC2,OPTIMAL
RWDD2B,OPTIMAL
S100A2,OPTIMAL
SAMD9,OPTIMAL
SAMD9L,OPTIMAL
SAP30,OPTIMAL
SART3,OPTIMAL
SASS6,OPTIMAL
SBF2,OPTIMAL
SCAF8,OPTIMAL
SCAP,OPTIMAL
SCARA3,OPTIMAL
SCMH1,OPTIMAL
SCN8A,OPTIMAL
SCO2,OPTIMAL
SCRIB,OPTIMAL
SCRN3,OPTIMAL
SDHAF2,OPTIMAL
SDHAF4,OPTIMAL
SDSL,INFEASIBLE
SEC22B,OPTIMAL
SECISBP2,OPTIMAL
SEMA3A,OPTIMAL
SEMA4F,OPTIMAL
SEMA5A,OPTIMAL
SERINC2,OPTIMAL
SERPINB1,OPTIMAL
SERPING1,OPTIMAL
SERTAD1,OPTIMAL
SERTAD3,OPTIMAL
SESN1,OPTIMAL
SESN2,OPTIMAL
SESN3,OPTIMAL
SETD6,OPTIMAL
SETDB2,OPTIMAL
SETMAR,OPTIMAL
SETX,OPTIMAL
SF3B4,OPTIMAL
SFI1,OPTIMAL
SFMBT1,OPTIMAL
SFR1,OPTIMAL
SFSWAP,OPTIMAL
SFXN2,OPTIMAL
SFXN5,OPTIMAL
SGIP1,OPTIMAL
SGMS1,OPTIMAL
SGMS2,OPTIMAL
SGPP2,INFEASIBLE
SGSM2,OPTIMAL
SGSM3,OPTIMAL
SH2B1,OPTIMAL
SH2D4A,OPTIMAL
SH2D5,OPTIMAL
SH3BP5L,OPTIMAL
SH3GLB2,OPTIMAL
SH3RF1,OPTIMAL
SHPK,INFEASIBLE
SIAH1,OPTIMAL
SIDT2,OPTIMAL
SIK3,OPTIMAL
SIM1,OPTIMAL
SIMC1,OPTIMAL
SIN3B,OPTIMAL
SIPA1,OPTIMAL
SIPA1L1,OPTIMAL
SIRT2,OPTIMAL
SIRT7,OPTIMAL
SLAIN2,OPTIMAL
SLC11A2,OPTIMAL
SLC12A7,OPTIMAL
SLC16A5,OPTIMAL
SLC16A7,OPTIMAL
SLC1A3,OPTIMAL
SLC23A2,OPTIMAL
SLC24A1,OPTIMAL
SLC25A19,OPTIMAL
SLC25A20,INFEASIBLE
SLC25A22,OPTIMAL
SLC25A25,OPTIMAL
SLC25A28,OPTIMAL
SLC25A30,OPTIMAL
SLC25A40,OPTIMAL
SLC25A43,OPTIMAL
SLC25A51,OPTIMAL
SLC25A53,OPTIMAL
SLC27A4,OPTIMAL
SLC27A5,OPTIMAL
SLC2A13,OPTIMAL
SLC2A6,OPTIMAL
SLC30A1,OPTIMAL
SLC31A2,INFEASIBLE
SLC35A1,OPTIMAL
SLC35A4,TIME_LIMIT
SLC35C2,OPTIMAL
SLC35D1,OPTIMAL
SLC35D2,OPTIMAL
SLC36A4,OPTIMAL
SLC37A4,OPTIMAL
SLC38A6,INFEASIBLE
SLC39A1,OPTIMAL
SLC39A3,INFEASIBLE
SLC39A7,OPTIMAL
SLC41A1,OPTIMAL
SLC48A1,OPTIMAL
SLC4A8,OPTIMAL
SLC6A4,OPTIMAL
SLC7A2,OPTIMAL
SLC7A6OS,OPTIMAL
SLC8B1,OPTIMAL
SLF1,OPTIMAL
SLFN11,OPTIMAL
SLFN12,OPTIMAL
SLX4,OPTIMAL
SMAD1,OPTIMAL
SMARCAL1,OPTIMAL
SMCO4,OPTIMAL
SMG8,OPTIMAL
SMIM14,OPTIMAL
SMYD4,OPTIMAL
SNAP29,OPTIMAL
SNAP47,OPTIMAL
SNAPC2,OPTIMAL
SNAPC5,OPTIMAL
SNCG,OPTIMAL
SNIP1,OPTIMAL
SNN,OPTIMAL
SNRK,OPTIMAL
SNTA1,OPTIMAL
SNTB1,OPTIMAL
SNX11,OPTIMAL
SNX13,OPTIMAL
SNX25,OPTIMAL
SNX27,OPTIMAL
SNX9,OPTIMAL
SOCS1,OPTIMAL
SOCS2,OPTIMAL
SOCS7,OPTIMAL
SOD3,OPTIMAL
SORBS3,OPTIMAL
SOS2,OPTIMAL
SOWAHC,OPTIMAL
SOX4,OPTIMAL
SP2,OPTIMAL
SP9,OPTIMAL
SPA17,OPTIMAL
SPAG1,OPTIMAL
SPAG5,OPTIMAL
SPATA2,OPTIMAL
SPATA20,OPTIMAL
SPATA24,OPTIMAL
SPATC1L,OPTIMAL
SPC24,OPTIMAL
SPECC1L,OPTIMAL
SPG7,OPTIMAL
SPHK2,INFEASIBLE
SPIDR,OPTIMAL
SPIN2B,INFEASIBLE
SPIRE1,OPTIMAL
SPOCD1,OPTIMAL
SPOCK1,OPTIMAL
SPON1,OPTIMAL
SRC,OPTIMAL
SRD5A1,OPTIMAL
SRD5A3,OPTIMAL
SREBF1,OPTIMAL
SRP19,OPTIMAL
SRP68,OPTIMAL
SRPX2,OPTIMAL
SS18L1,OPTIMAL
SSBP2,OPTIMAL
SSBP4,OPTIMAL
SSH2,OPTIMAL
SSTR1,OPTIMAL
ST3GAL5,OPTIMAL
ST3GAL6,INFEASIBLE
ST7,OPTIMAL
ST8SIA5,OPTIMAL
STAP2,OPTIMAL
STARD3,OPTIMAL
STARD3NL,OPTIMAL
STARD9,OPTIMAL
STAU2,OPTIMAL
STC2,OPTIMAL
STEAP4,INFEASIBLE
STIM1,OPTIMAL
STK11,OPTIMAL
STK11IP,OPTIMAL
STK17A,OPTIMAL
STK26,OPTIMAL
STK38L,OPTIMAL
STK40,OPTIMAL
STOML1,OPTIMAL
STS,OPTIMAL
STX18,OPTIMAL
STX1A,OPTIMAL
STX4,OPTIMAL
STXBP1,OPTIMAL
STXBP3,OPTIMAL
STXBP6,OPTIMAL
STYXL1,OPTIMAL
SUGCT,OPTIMAL
SUGP2,OPTIMAL
SUMF1,OPTIMAL
SUMF2,OPTIMAL
SUPT4H1,OPTIMAL
SUPV3L1,OPTIMAL
SURF6,OPTIMAL
SUSD1,OPTIMAL
SUV39H1,OPTIMAL
SUV39H2,OPTIMAL
SV2A,INFEASIBLE
SVBP,OPTIMAL
SWAP70,OPTIMAL
SYDE1,OPTIMAL
SYMPK,OPTIMAL
SYNGR1,OPTIMAL
SYNM,OPTIMAL
SYNRG,OPTIMAL
SYS1,OPTIMAL
SYT11,OPTIMAL
SYT5,OPTIMAL
SYVN1,OPTIMAL
TAB1,OPTIMAL
TADA2B,OPTIMAL
TAF11,OPTIMAL
TAOK2,OPTIMAL
TAP1,OPTIMAL
TAP2,OPTIMAL
TAPBP,OPTIMAL
TAPT1,OPTIMAL
TARBP1,OPTIMAL
TARBP2,OPTIMAL
TATDN1,OPTIMAL
TATDN2,OPTIMAL
TAX1BP3,OPTIMAL
TBC1D17,OPTIMAL
TBC1D2,OPTIMAL
TBC1D22A,OPTIMAL
TBC1D23,OPTIMAL
TBC1D25,OPTIMAL
TBC1D4,OPTIMAL
TBC1D9B,OPTIMAL
TBCD,OPTIMAL
TBCE,OPTIMAL
TBL3,OPTIMAL
TBP,OPTIMAL
TBX18,OPTIMAL
TBXAS1,OPTIMAL
TCEA2,OPTIMAL
TCEAL7,OPTIMAL
TCF7L1,OPTIMAL
TCF7L2,OPTIMAL
TCTA,OPTIMAL
TCTN1,OPTIMAL
TDRD3,OPTIMAL
TDRD7,OPTIMAL
TEC,OPTIMAL
TECPR1,OPTIMAL
TEFM,OPTIMAL
TELO2,OPTIMAL
TERF2,OPTIMAL
TES,OPTIMAL
TET2,OPTIMAL
TEX2,OPTIMAL
TFB1M,OPTIMAL
TFB2M,OPTIMAL
TFE3,OPTIMAL
TGFB1,OPTIMAL
TGFBI,OPTIMAL
TGIF1,OPTIMAL
TGIF2,OPTIMAL
THAP1,OPTIMAL
THAP3,OPTIMAL
THAP6,OPTIMAL
THAP7,OPTIMAL
THEMIS2,OPTIMAL
THG1L,OPTIMAL
THOC5,OPTIMAL
THOC6,OPTIMAL
THRA,OPTIMAL
THSD4,OPTIMAL
TIA1,OPTIMAL
TICAM1,OPTIMAL
TICRR,OPTIMAL
TIFA,OPTIMAL
TIGD2,INFEASIBLE
TIGD6,OPTIMAL
TIMM17B,OPTIMAL
TIPIN,OPTIMAL
TKFC,OPTIMAL
TLCD1,OPTIMAL
TLE3,OPTIMAL
TLE4,OPTIMAL
TLN2,OPTIMAL
TLR2,OPTIMAL
TM2D1,OPTIMAL
TMCO1,OPTIMAL
TMEM115,OPTIMAL
TMEM116,OPTIMAL
TMEM120A,OPTIMAL
TMEM128,OPTIMAL
TMEM134,OPTIMAL
TMEM143,OPTIMAL
TMEM154,OPTIMAL
TMEM161A,OPTIMAL
TMEM161B,OPTIMAL
TMEM167B,OPTIMAL
TMEM170A,OPTIMAL
TMEM175,OPTIMAL
TMEM177,OPTIMAL
TMEM179B,OPTIMAL
TMEM185B,OPTIMAL
TMEM208,OPTIMAL
TMEM209,OPTIMAL
TMEM220,OPTIMAL
TMEM223,OPTIMAL
TMEM231,OPTIMAL
TMEM234,OPTIMAL
TMEM237,OPTIMAL
TMEM243,OPTIMAL
TMEM39B,OPTIMAL
TMEM41A,OPTIMAL
TMEM42,OPTIMAL
TMEM45A,OPTIMAL
TMEM53,OPTIMAL
TMEM54,OPTIMAL
TMEM60,OPTIMAL
TMEM79,OPTIMAL
TMEM81,OPTIMAL
TMTC1,OPTIMAL
TMUB1,OPTIMAL
TMX4,OPTIMAL
TNFAIP1,OPTIMAL
TNFAIP2,OPTIMAL
TNFAIP3,OPTIMAL
TNFAIP8,OPTIMAL
TNFAIP8L3,OPTIMAL
TNFRSF10A,OPTIMAL
TNFRSF19,OPTIMAL
TNFRSF21,OPTIMAL
TNIP1,OPTIMAL
TNRC18,OPTIMAL
TNXB,OPTIMAL
TOM1L1,OPTIMAL
TOMM40L,OPTIMAL
TONSL,OPTIMAL
TOPORS,OPTIMAL
TOR2A,OPTIMAL
TP53,OPTIMAL
TP53I3,OPTIMAL
TP53RK,OPTIMAL
TPCN1,OPTIMAL
TPK1,OPTIMAL
TRADD,OPTIMAL
TRAF1,OPTIMAL
TRAF2,OPTIMAL
TRAF6,OPTIMAL
TRAF7,OPTIMAL
TRAFD1,OPTIMAL
TRAK1,OPTIMAL
TRAPPC11,OPTIMAL
TRAPPC13,OPTIMAL
TRAPPC2,OPTIMAL
TREX1,OPTIMAL
TRIB2,OPTIMAL
TRIB3,OPTIMAL
TRIM14,OPTIMAL
TRIM16,OPTIMAL
TRIM2,OPTIMAL
TRIM22,OPTIMAL
TRIM23,OPTIMAL
TRIM33,OPTIMAL
TRIM39,OPTIMAL
TRIM58,OPTIMAL
TRIM6,OPTIMAL
TRIM61,OPTIMAL
TRIM65,OPTIMAL
TRIM7,OPTIMAL
TRIP10,OPTIMAL
TRMT1,OPTIMAL
TRMT10B,OPTIMAL
TRMT10C,OPTIMAL
TRMT12,OPTIMAL
TRMT2B,OPTIMAL
TRMT61A,OPTIMAL
TRMT61B,OPTIMAL
TRPT1,INFEASIBLE
TRUB2,OPTIMAL
TSC1,OPTIMAL
TSC22D2,OPTIMAL
TSC22D3,OPTIMAL
TSHZ3,OPTIMAL
TSKU,OPTIMAL
TSPAN13,OPTIMAL
TSPAN14,OPTIMAL
TSTD1,OPTIMAL
TTC12,OPTIMAL
TTC21B,OPTIMAL
TTC23,OPTIMAL
TTC28,OPTIMAL
TTC31,OPTIMAL
TTC32,OPTIMAL
TTC33,OPTIMAL
TTC4,OPTIMAL
TTC8,OPTIMAL
TTC9C,OPTIMAL
TTLL3,OPTIMAL
TUBA4A,OPTIMAL
TUBE1,OPTIMAL
TUBGCP4,OPTIMAL
TUBGCP5,OPTIMAL
TUSC1,OPTIMAL
TUT1,OPTIMAL
TVP23C,OPTIMAL
TWIST1,OPTIMAL
TXNIP,OPTIMAL
TXNRD2,OPTIMAL
TYK2,OPTIMAL
TYRO3,OPTIMAL
TYSND1,OPTIMAL
TYW5,OPTIMAL
UBAC1,OPTIMAL
UBAC2,OPTIMAL
UBAP1,OPTIMAL
UBE2D1,OPTIMAL
UBE2E2,OPTIMAL
UBE2F,OPTIMAL
UBE2H,OPTIMAL
UBE2V1,OPTIMAL
UBE2W,OPTIMAL
UBE3C,OPTIMAL
UBE3D,OPTIMAL
UBN2,TIME_LIMIT
UBOX5,INFEASIBLE
UBR5,OPTIMAL
UBTD1,OPTIMAL
UBXN8,OPTIMAL
UCHL3,OPTIMAL
UFL1,OPTIMAL
ULK2,OPTIMAL
UMPS,OPTIMAL
UNC13B,OPTIMAL
UNC5B,OPTIMAL
UNC93B1,OPTIMAL
UNKL,OPTIMAL
UPF3B,OPTIMAL
UQCC3,OPTIMAL
URB1,OPTIMAL
URB2,OPTIMAL
UROS,OPTIMAL
USE1,OPTIMAL
USP11,OPTIMAL
USP12,OPTIMAL
USP20,OPTIMAL
USP21,OPTIMAL
USP28,OPTIMAL
USP3,OPTIMAL
USP30,OPTIMAL
USP32,OPTIMAL
USP33,OPTIMAL
USP42,OPTIMAL
USP54,OPTIMAL
USPL1,OPTIMAL
UST,OPTIMAL
UTY,OPTIMAL
UVSSA,INFEASIBLE
VAMP2,OPTIMAL
VAV2,OPTIMAL
VBP1,OPTIMAL
VCPKMT,OPTIMAL
VEGFC,OPTIMAL
VIPAS39,OPTIMAL
VLDLR,OPTIMAL
VPS13A,OPTIMAL
VPS13B,OPTIMAL
VPS18,OPTIMAL
VPS25,OPTIMAL
VPS26B,OPTIMAL
VPS33B,OPTIMAL
VPS37C,OPTIMAL
VPS72,OPTIMAL
VTI1A,OPTIMAL
WARS2,OPTIMAL
WASH6P,OPTIMAL
WDR20,OPTIMAL
WDR27,OPTIMAL
WDR33,OPTIMAL
WDR41,OPTIMAL
WDR46,OPTIMAL
WDR6,OPTIMAL
WDR70,OPTIMAL
WDR81,OPTIMAL
WDR89,OPTIMAL
WDSUB1,OPTIMAL
WDTC1,OPTIMAL
WEE1,OPTIMAL
WIF1,OPTIMAL
WIPF2,OPTIMAL
WIPI1,OPTIMAL
WNT16,OPTIMAL
WWC1,OPTIMAL
WWOX,OPTIMAL
XG,OPTIMAL
XPA,OPTIMAL
XPC,OPTIMAL
XRCC4,OPTIMAL
XXYLT1,OPTIMAL
YBEY,OPTIMAL
YEATS4,OPTIMAL
YPEL3,OPTIMAL
ZBED6,OPTIMAL
ZBTB20,OPTIMAL
ZBTB25,OPTIMAL
ZBTB33,OPTIMAL
ZBTB34,OPTIMAL
ZBTB37,OPTIMAL
ZBTB40,OPTIMAL
ZBTB45,OPTIMAL
ZBTB47,OPTIMAL
ZBTB48,INFEASIBLE
ZBTB6,OPTIMAL
ZBTB8A,OPTIMAL
ZC2HC1A,OPTIMAL
ZC3H18,OPTIMAL
ZC3H4,OPTIMAL
ZC3H6,OPTIMAL
ZC3H8,OPTIMAL
ZC3HAV1L,OPTIMAL
ZCCHC2,OPTIMAL
ZCCHC3,OPTIMAL
ZCCHC7,OPTIMAL
ZDHHC12,OPTIMAL
ZDHHC13,OPTIMAL
ZDHHC18,OPTIMAL
ZDHHC21,OPTIMAL
ZDHHC5,OPTIMAL
ZDHHC9,OPTIMAL
ZEB2,OPTIMAL
ZER1,OPTIMAL
ZFAND1,OPTIMAL
ZFAND6,OPTIMAL
ZFHX4,OPTIMAL
ZFP82,OPTIMAL
ZFYVE1,OPTIMAL
ZFYVE27,OPTIMAL
ZFYVE9,OPTIMAL
ZIK1,INFEASIBLE
ZKSCAN5,OPTIMAL
ZMAT2,OPTIMAL
ZMAT5,OPTIMAL
ZMYM5,OPTIMAL
ZNF107,INFEASIBLE
ZNF133,OPTIMAL
ZNF140,OPTIMAL
ZNF141,OPTIMAL
ZNF146,OPTIMAL
ZNF148,OPTIMAL
ZNF174,INFEASIBLE
ZNF184,OPTIMAL
ZNF185,OPTIMAL
ZNF189,OPTIMAL
ZNF197,OPTIMAL
ZNF2,OPTIMAL
ZNF200,OPTIMAL
ZNF202,OPTIMAL
ZNF211,INFEASIBLE
ZNF213,OPTIMAL
ZNF215,OPTIMAL
ZNF22,OPTIMAL
ZNF227,OPTIMAL
ZNF232,OPTIMAL
ZNF236,OPTIMAL
ZNF25,OPTIMAL
ZNF250,OPTIMAL
ZNF251,OPTIMAL
ZNF254,OPTIMAL
ZNF264,OPTIMAL
ZNF266,OPTIMAL
ZNF267,OPTIMAL
ZNF274,OPTIMAL
ZNF275,OPTIMAL
ZNF276,OPTIMAL
ZNF316,OPTIMAL
ZNF32,OPTIMAL
ZNF335,OPTIMAL
ZNF33A,OPTIMAL
ZNF343,OPTIMAL
ZNF354B,INFEASIBLE
ZNF37A,OPTIMAL
ZNF394,OPTIMAL
ZNF397,OPTIMAL
ZNF408,OPTIMAL
ZNF426,OPTIMAL
ZNF438,OPTIMAL
ZNF44,OPTIMAL
ZNF441,OPTIMAL
ZNF446,OPTIMAL
ZNF45,OPTIMAL
ZNF470,OPTIMAL
ZNF471,OPTIMAL
ZNF485,INFEASIBLE
ZNF493,OPTIMAL
ZNF518B,OPTIMAL
ZNF524,OPTIMAL
ZNF527,OPTIMAL
ZNF528,OPTIMAL
ZNF529,OPTIMAL
ZNF557,OPTIMAL
ZNF567,INFEASIBLE
ZNF580,OPTIMAL
ZNF581,OPTIMAL
ZNF584,OPTIMAL
ZNF585A,OPTIMAL
ZNF585B,OPTIMAL
ZNF587B,INFEASIBLE
ZNF589,OPTIMAL
ZNF616,OPTIMAL
ZNF623,OPTIMAL
ZNF627,OPTIMAL
ZNF648,OPTIMAL
ZNF652,OPTIMAL
ZNF654,OPTIMAL
ZNF680,OPTIMAL
ZNF684,OPTIMAL
ZNF689,OPTIMAL
ZNF691,OPTIMAL
ZNF707,OPTIMAL
ZNF708,OPTIMAL
ZNF71,OPTIMAL
ZNF717,OPTIMAL
ZNF718,OPTIMAL
ZNF740,OPTIMAL
ZNF76,OPTIMAL
ZNF761,INFEASIBLE
ZNF770,OPTIMAL
ZNF778,OPTIMAL
ZNF786,INFEASIBLE
ZNF787,OPTIMAL
ZNF790,OPTIMAL
ZNF799,OPTIMAL
ZNF814,OPTIMAL
ZNF829,OPTIMAL
ZNF830,OPTIMAL
ZNF84,OPTIMAL
ZNF85,OPTIMAL
ZNF90,OPTIMAL
ZNF92,OPTIMAL
ZNHIT2,OPTIMAL
ZNHIT3,OPTIMAL
ZNRF1,OPTIMAL
ZNRF2,OPTIMAL
ZNRF3,OPTIMAL
ZRANB1,OPTIMAL
ZSCAN18,OPTIMAL
ZSCAN26,OPTIMAL
ZSWIM7,OPTIMAL
ZXDB,OPTIMAL
